Workbook

Sheet Metodologia
A1: PUNTO 9 — VALIDACIÓN DEL BALANCE HÍDRICO DE LARGO PLAZO
A2: P = ETR + R + ΔS ; para periodos largos ΔS ≈ 0 ⇒ R = P − ETR ; Q_estimado = R·A (R en m/año, A en m², ÷ 31 557 600 s)
A3: P: precipitación media anual 1981–2010, kriging ordinario de estaciones IDEAM (punto 3).
A4: ETP: Hargreaves-Samani mensual con Ra por latitud de cada celda (punto 6). ETR: Budyko (1974) celda a celda (punto 7).
A5: P, ETP y ETR son promedios de las celdas de 90 m dentro del área de drenaje de cada estación (datos de entrada, amarillo).
A6: Q_obs: caudal medio anual multianual 1981–2010 de años completos (punto 8). Q_obs rellenado: serie rellenada por regresión entre estaciones.
A7: Cierre (Hidroituango): Q_obs transferido desde Pto. Valdivia por relación de áreas (37 267 → 35 992 km²); Q_obs rellenado desde Pte. Pescadero (35 451 → 35 992 km²).
A8: Pto. Valdivia no se evalúa directamente porque su área de drenaje sale de la cuenca delimitada (no hay P/ETP fuera de ella).
A9: Tramos: área incremental entre estaciones consecutivas del Cauca (P, ETR y Q por diferencia de volúmenes).
A10: Error = (Q_est − Q_obs) / Q_obs. Verde: |error| ≤ 10 %; rojo: |error| > 20 %.

Sheet Balance_subcuencas
A1: Código | B1: Estación | C1: A (km²) | D1: P (mm/año) | E1: ETP (mm/año) | F1: φ = ETP/P | G1: ETR Budyko (mm/año) | H1: ETR/P | I1: R = P − ETR (mm/año) | J1: Q estimado (m³/s) | K1: Q observado (m³/s) | L1: R observado (mm/año) | M1: ETR implícita = P − R obs (mm/año) | N1: Error Q (%) | O1: Q obs rellenado (m³/s) | P1: Error vs. rellenado (%) | Q1: ETR Budyko agregado (mm/año) | R1: Error Budyko agregado (%)
A2: 26027010 | B2: La Balsa | C2: 5075 | D2: 2270.7 | E2: 1286.7 | F2: =E2/D2 | G2: 1080.6 | H2: =G2/D2 | I2: =D2-G2 | J2: =I2/1000*C2*1000000/31557600 | K2: 178.86 | L2: =K2*31557600/(C2*1000000)*1000 | M2: =D2-L2 | N2: =(J2/K2-1)*100 | O2: 187.66 | P2: =(J2/O2-1)*100 | Q2: 1091.7 | R2: =((D2-Q2)/1000*C2*1000000/31557600/K2-1)*100
A3: 26067010 | B3: Juanchito | C3: 9344.2 | D3: 2031.5 | E3: 1354.5 | F3: =E3/D3 | G3: 1068.5 | H3: =G3/D3 | I3: =D3-G3 | J3: =I3/1000*C3*1000000/31557600 | K3: 270.49 | L3: =K3*31557600/(C3*1000000)*1000 | M3: =D3-L3 | N3: =(J3/K3-1)*100 | O3: 285.09 | P3: =(J3/O3-1)*100 | Q3: 1100.9 | R3: =((D3-Q3)/1000*C3*1000000/31557600/K3-1)*100
A4: 26107070 | B4: La Victoria | C4: 16284.8 | D4: 1776.7 | E4: 1394.5 | F4: =E4/D4 | G4: 1026.8 | H4: =G4/D4 | I4: =D4-G4 | J4: =I4/1000*C4*1000000/31557600 | K4: 368.76 | L4: =K4*31557600/(C4*1000000)*1000 | M4: =D4-L4 | N4: =(J4/K4-1)*100 | O4: 384.96 | P4: =(J4/O4-1)*100 | Q4: 1073.2 | R4: =((D4-Q4)/1000*C4*1000000/31557600/K4-1)*100
A5: 26177030 | B5: La Virginia | C5: 20549.1 | D5: 1818.9 | E5: 1412.2 | F5: =E5/D5 | G5: 1046.9 | H5: =G5/D5 | I5: =D5-G5 | J5: =I5/1000*C5*1000000/31557600 | K5: 538.79 | L5: =K5*31557600/(C5*1000000)*1000 | M5: =D5-L5 | N5: =(J5/K5-1)*100 | O5: 541.74 | P5: =(J5/O5-1)*100 | Q5: 1091.2 | R5: =((D5-Q5)/1000*C5*1000000/31557600/K5-1)*100
A6: 26167070 | B6: Irra | C6: 24571.2 | D6: 1878.8 | E6: 1402.2 | F6: =E6/D6 | G6: 1056.3 | H6: =G6/D6 | I6: =D6-G6 | J6: =I6/1000*C6*1000000/31557600 | K6: 663.42 | L6: =K6*31557600/(C6*1000000)*1000 | M6: =D6-L6 | N6: =(J6/K6-1)*100 | O6: 664.44 | P6: =(J6/O6-1)*100 | Q6: 1098.9 | R6: =((D6-Q6)/1000*C6*1000000/31557600/K6-1)*100
A7: 26187110 | B7: La Pintada | C7: 26443.1 | D7: 1900.3 | E7: 1404.5 | F7: =E7/D7 | G7: 1063.9 | H7: =G7/D7 | I7: =D7-G7 | J7: =I7/1000*C7*1000000/31557600 | K7: 688.88 | L7: =K7*31557600/(C7*1000000)*1000 | M7: =D7-L7 | N7: =(J7/K7-1)*100 | O7: 688.88 | P7: =(J7/O7-1)*100 | Q7: 1104.4 | R7: =((D7-Q7)/1000*C7*1000000/31557600/K7-1)*100
A8: 26207030 | B8: Puente Iglesias | C8: 29005 | D8: 1945.6 | E8: 1398.2 | F8: =E8/D8 | G8: 1069.4 | H8: =G8/D8 | I8: =D8-G8 | J8: =I8/1000*C8*1000000/31557600 | K8: 755 | L8: =K8*31557600/(C8*1000000)*1000 | M8: =D8-L8 | N8: =(J8/K8-1)*100 | O8: 775.79 | P8: =(J8/O8-1)*100 | Q8: 1109.9 | R8: =((D8-Q8)/1000*C8*1000000/31557600/K8-1)*100
A9: 26207080 | B9: Bolombolo | C9: 30994.6 | D9: 1980.7 | E9: 1399.5 | F9: =E9/D9 | G9: 1077.5 | H9: =G9/D9 | I9: =D9-G9 | J9: =I9/1000*C9*1000000/31557600 | K9: 877.68 | L9: =K9*31557600/(C9*1000000)*1000 | M9: =D9-L9 | N9: =(J9/K9-1)*100 | O9: 887.92 | P9: =(J9/O9-1)*100 | Q9: 1117.1 | R9: =((D9-Q9)/1000*C9*1000000/31557600/K9-1)*100
A10: 26217050 | B10: Cañafisto | C10: 32704.4 | D10: 1990.8 | E10: 1404.6 | F10: =E10/D10 | G10: 1083.5 | H10: =G10/D10 | I10: =D10-G10 | J10: =I10/1000*C10*1000000/31557600 | K10: 912.32 | L10: =K10*31557600/(C10*1000000)*1000 | M10: =D10-L10 | N10: =(J10/K10-1)*100 | O10: 932.66 | P10: =(J10/O10-1)*100 | Q10: 1121.7 | R10: =((D10-Q10)/1000*C10*1000000/31557600/K10-1)*100
A11: HIDRO | B11: HIDROITUANGO (cierre) | C11: 35991.8 | D11: 1985.2 | E11: 1408.6 | F11: =E11/D11 | G11: 1085.5 | H11: =G11/D11 | I11: =D11-G11 | J11: =I11/1000*C11*1000000/31557600 | K11: 1083.65 | L11: =K11*31557600/(C11*1000000)*1000 | M11: =D11-L11 | N11: =(J11/K11-1)*100 | O11: 1020.39 | P11: =(J11/O11-1)*100 | Q11: 1122.9 | R11: =((D11-Q11)/1000*C11*1000000/31557600/K11-1)*100
A13: Medidas de desempeño (estaciones, sin el cierre)
A14: Sesgo medio (%) | B14: =AVERAGE(N2:N10)
A15: Error absoluto medio (%) | B15: =SUMPRODUCT(ABS(N2:N10))/COUNT(N2:N10)
A16: RMSE relativo (%) | B16: =SQRT(SUMSQ(N2:N10)/COUNT(N2:N10))
A17: Correlación Q est vs Q obs | B17: =CORREL(J2:J10,K2:K10)

Sheet Tramos
A1: Tramo | B1: A incremental (km²) | C1: P (mm/año) | D1: ETR (mm/año) | E1: R estimado (mm/año) | F1: Q estimado incremental (m³/s) | G1: Q observado incremental (m³/s) | H1: R observado (mm/año) | I1: Error Q incremental (%) | J1: Q obs incremental, serie rellenada (mismos 30 años) (m³/s) | K1: Error vs. rellenado (%) | L1: Observación
A2: Cabecera → La Balsa | B2: =Balance_subcuencas!C2 | C2: =Balance_subcuencas!D2 | D2: =Balance_subcuencas!G2 | E2: =C2-D2 | F2: =Balance_subcuencas!J2 | G2: =Balance_subcuencas!K2 | H2: =G2*31557600/(B2*1000000)*1000 | I2: =(F2/G2-1)*100 | J2: =Balance_subcuencas!O2 | K2: =(F2/J2-1)*100 | L2: Regulado por el embalse de Salvajina (desde 1985)
A3: La Balsa → Juanchito | B3: =Balance_subcuencas!C3-Balance_subcuencas!C2 | C3: =(Balance_subcuencas!D3*Balance_subcuencas!C3-Balance_subcuencas!D2*Balance_subcuencas!C2)/B3 | D3: =(Balance_subcuencas!G3*Balance_subcuencas!C3-Balance_subcuencas!G2*Balance_subcuencas!C2)/B3 | E3: =C3-D3 | F3: =Balance_subcuencas!J3-Balance_subcuencas!J2 | G3: =Balance_subcuencas!K3-Balance_subcuencas!K2 | H3: =G3*31557600/(B3*1000000)*1000 | I3: =(F3/G3-1)*100 | J3: =Balance_subcuencas!O3-Balance_subcuencas!O2 | K3: =(F3/J3-1)*100 | L3: Incluye ríos del sur del Valle; Juanchito ajustado 3.4 km
A4: Juanchito → La Victoria | B4: =Balance_subcuencas!C4-Balance_subcuencas!C3 | C4: =(Balance_subcuencas!D4*Balance_subcuencas!C4-Balance_subcuencas!D3*Balance_subcuencas!C3)/B4 | D4: =(Balance_subcuencas!G4*Balance_subcuencas!C4-Balance_subcuencas!G3*Balance_subcuencas!C3)/B4 | E4: =C4-D4 | F4: =Balance_subcuencas!J4-Balance_subcuencas!J3 | G4: =Balance_subcuencas!K4-Balance_subcuencas!K3 | H4: =G4*31557600/(B4*1000000)*1000 | I4: =(F4/G4-1)*100 | J4: =Balance_subcuencas!O4-Balance_subcuencas!O3 | K4: =(F4/J4-1)*100 | L4: Valle del Cauca: riego y extracciones; cauce del DEM a 3–5 km del real
A5: La Victoria → La Virginia | B5: =Balance_subcuencas!C5-Balance_subcuencas!C4 | C5: =(Balance_subcuencas!D5*Balance_subcuencas!C5-Balance_subcuencas!D4*Balance_subcuencas!C4)/B5 | D5: =(Balance_subcuencas!G5*Balance_subcuencas!C5-Balance_subcuencas!G4*Balance_subcuencas!C4)/B5 | E5: =C5-D5 | F5: =Balance_subcuencas!J5-Balance_subcuencas!J4 | G5: =Balance_subcuencas!K5-Balance_subcuencas!K4 | H5: =G5*31557600/(B5*1000000)*1000 | I5: =(F5/G5-1)*100 | J5: =Balance_subcuencas!O5-Balance_subcuencas!O4 | K5: =(F5/J5-1)*100
A6: La Virginia → Irra | B6: =Balance_subcuencas!C6-Balance_subcuencas!C5 | C6: =(Balance_subcuencas!D6*Balance_subcuencas!C6-Balance_subcuencas!D5*Balance_subcuencas!C5)/B6 | D6: =(Balance_subcuencas!G6*Balance_subcuencas!C6-Balance_subcuencas!G5*Balance_subcuencas!C5)/B6 | E6: =C6-D6 | F6: =Balance_subcuencas!J6-Balance_subcuencas!J5 | G6: =Balance_subcuencas!K6-Balance_subcuencas!K5 | H6: =G6*31557600/(B6*1000000)*1000 | I6: =(F6/G6-1)*100 | J6: =Balance_subcuencas!O6-Balance_subcuencas!O5 | K6: =(F6/J6-1)*100
A7: Irra → La Pintada | B7: =Balance_subcuencas!C7-Balance_subcuencas!C6 | C7: =(Balance_subcuencas!D7*Balance_subcuencas!C7-Balance_subcuencas!D6*Balance_subcuencas!C6)/B7 | D7: =(Balance_subcuencas!G7*Balance_subcuencas!C7-Balance_subcuencas!G6*Balance_subcuencas!C6)/B7 | E7: =C7-D7 | F7: =Balance_subcuencas!J7-Balance_subcuencas!J6 | G7: =Balance_subcuencas!K7-Balance_subcuencas!K6 | H7: =G7*31557600/(B7*1000000)*1000 | I7: =(F7/G7-1)*100 | J7: =Balance_subcuencas!O7-Balance_subcuencas!O6 | K7: =(F7/J7-1)*100
A8: La Pintada → Puente Iglesias | B8: =Balance_subcuencas!C8-Balance_subcuencas!C7 | C8: =(Balance_subcuencas!D8*Balance_subcuencas!C8-Balance_subcuencas!D7*Balance_subcuencas!C7)/B8 | D8: =(Balance_subcuencas!G8*Balance_subcuencas!C8-Balance_subcuencas!G7*Balance_subcuencas!C7)/B8 | E8: =C8-D8 | F8: =Balance_subcuencas!J8-Balance_subcuencas!J7 | G8: =Balance_subcuencas!K8-Balance_subcuencas!K7 | H8: =G8*31557600/(B8*1000000)*1000 | I8: =(F8/G8-1)*100 | J8: =Balance_subcuencas!O8-Balance_subcuencas!O7 | K8: =(F8/J8-1)*100
A9: Puente Iglesias → Bolombolo | B9: =Balance_subcuencas!C9-Balance_subcuencas!C8 | C9: =(Balance_subcuencas!D9*Balance_subcuencas!C9-Balance_subcuencas!D8*Balance_subcuencas!C8)/B9 | D9: =(Balance_subcuencas!G9*Balance_subcuencas!C9-Balance_subcuencas!G8*Balance_subcuencas!C8)/B9 | E9: =C9-D9 | F9: =Balance_subcuencas!J9-Balance_subcuencas!J8 | G9: =Balance_subcuencas!K9-Balance_subcuencas!K8 | H9: =G9*31557600/(B9*1000000)*1000 | I9: =(F9/G9-1)*100 | J9: =Balance_subcuencas!O9-Balance_subcuencas!O8 | K9: =(F9/J9-1)*100
A10: Bolombolo → Cañafisto | B10: =Balance_subcuencas!C10-Balance_subcuencas!C9 | C10: =(Balance_subcuencas!D10*Balance_subcuencas!C10-Balance_subcuencas!D9*Balance_subcuencas!C9)/B10 | D10: =(Balance_subcuencas!G10*Balance_subcuencas!C10-Balance_subcuencas!G9*Balance_subcuencas!C9)/B10 | E10: =C10-D10 | F10: =Balance_subcuencas!J10-Balance_subcuencas!J9 | G10: =Balance_subcuencas!K10-Balance_subcuencas!K9 | H10: =G10*31557600/(B10*1000000)*1000 | I10: =(F10/G10-1)*100 | J10: =Balance_subcuencas!O10-Balance_subcuencas!O9 | K10: =(F10/J10-1)*100
A11: Cañafisto → HIDROITUANGO (cierre) | B11: =Balance_subcuencas!C11-Balance_subcuencas!C10 | C11: =(Balance_subcuencas!D11*Balance_subcuencas!C11-Balance_subcuencas!D10*Balance_subcuencas!C10)/B11 | D11: =(Balance_subcuencas!G11*Balance_subcuencas!C11-Balance_subcuencas!G10*Balance_subcuencas!C10)/B11 | E11: =C11-D11 | F11: =Balance_subcuencas!J11-Balance_subcuencas!J10 | G11: =Balance_subcuencas!K11-Balance_subcuencas!K10 | H11: =G11*31557600/(B11*1000000)*1000 | I11: =(F11/G11-1)*100 | J11: =Balance_subcuencas!O11-Balance_subcuencas!O10 | K11: =(F11/J11-1)*100
A13: Nota: el caudal incremental es la diferencia de dos caudales grandes, cada uno con error de medición de 3–5 % (25–45 m³/s), comparable al propio caudal del tramo. Con 'años completos' cada estación promedia años distintos; la serie rellenada usa los mismos 30 años en todas y da incrementos más consistentes.

Sheet Sensibilidad
A1: Código | B1: Estación | C1: Q observado (m³/s) | D1: Q est: P kriging (base) | E1: Q est: P IDW (p=1.5) | F1: Q est: P todas las estaciones (IDW p=2.5) | G1: Q est: ETP escalada a IDEAM (×0.822) | H1: Error: P kriging (base) (%) | I1: Error: P IDW (p=1.5) (%) | J1: Error: P todas las estaciones (IDW p=2.5) (%) | K1: Error: ETP escalada a IDEAM (×0.822) (%)
A2: 26027010 | B2: La Balsa | C2: 178.9 | D2: 191.4 | E2: 185.6 | F2: 191.5 | G2: 216.3 | H2: 7 | I2: 3.8 | J2: 7 | K2: 20.9
A3: 26067010 | B3: Juanchito | C3: 270.5 | D3: 285.1 | E3: 278.4 | F3: 284.3 | G3: 326.9 | H3: 5.4 | I3: 2.9 | J3: 5.1 | K3: 20.8
A4: 26107070 | B4: La Victoria | C4: 368.8 | D4: 387 | E4: 382.1 | F4: 385.7 | G4: 450.6 | H4: 4.9 | I4: 3.6 | J4: 4.6 | K4: 22.2
A5: 26177030 | B5: La Virginia | C5: 538.8 | D5: 502.7 | E5: 494.6 | F5: 494.7 | G5: 585.1 | H5: -6.7 | I5: -8.2 | J5: -8.2 | K5: 8.6
A6: 26167070 | B6: Irra | C6: 663.4 | D6: 640.4 | E6: 636.9 | F6: 635.3 | G6: 742.2 | H6: -3.5 | I6: -4 | J6: -4.2 | K6: 11.9
A7: 26187110 | B7: La Pintada | C7: 688.9 | D7: 700.8 | E7: 698.9 | F7: 697.3 | G7: 812 | H7: 1.7 | I7: 1.5 | J7: 1.2 | K7: 17.9
A8: 26207030 | B8: Puente Iglesias | C8: 755 | D8: 805.3 | E8: 802.8 | F8: 806.2 | G8: 929.8 | H8: 6.7 | I8: 6.3 | J8: 6.8 | K8: 23.1
A9: 26207080 | B9: Bolombolo | C9: 877.7 | D9: 887.1 | E9: 885.7 | F9: 894.3 | G9: 1022.4 | H9: 1.1 | I9: 0.9 | J9: 1.9 | K9: 16.5
A10: 26217050 | B10: Cañafisto | C10: 912.3 | D10: 940.3 | E10: 939.5 | F10: 949.2 | G10: 1084.1 | H10: 3.1 | I10: 3 | J10: 4 | K10: 18.8
A11: HIDRO | B11: HIDROITUANGO (cierre) | C11: 1083.7 | D11: 1026.1 | E11: 1023 | F11: 1039.6 | G11: 1184.3 | H11: -5.3 | I11: -5.6 | J11: -4.1 | K11: 9.3
A13: Cierre (Hidroituango): rango de Q observado según la fuente | C13: Error Q est base (%)
A14: Pto. Valdivia, años completos, transferido por áreas | B14: 1083.7 | C14: =(1026.15/B14-1)*100
A15: Pto. Valdivia, serie rellenada, transferido | B15: 1040 | C15: =(1026.15/B15-1)*100
A16: Pte. Pescadero, serie rellenada, transferido | B16: 1020.4 | C16: =(1026.15/B16-1)*100

Sheet Incertidumbre
A1: FUENTES DE INCERTIDUMBRE
A2: Precipitación
A3: · Densidad de estaciones muy baja sobre 3000 m (páramos, nevados): el kriging tiende a subestimar la lluvia orográfica de alta montaña.
A4: · Elección del vecindario: incluir estaciones de otras vertientes cambia P en los bordes (ver Sensibilidad).
A5: · Error de interpolación (validación cruzada): RMSE ≈ 363 mm por estación; desviación estándar del kriging ≈ 300 mm.
A6: Evapotranspiración
A7: · Hargreaves sobreestima la ETP del IDEAM en ≈ 22 % (factor 0.822); Budyko traslada parte de ese sesgo a la ETR.
A8: · Temperaturas derivadas de una única regresión T–Z para toda la cuenca (no capta inversiones ni efecto de exposición).
A9: · Budyko es una relación empírica de largo plazo sin parámetro de calibración (no considera vegetación, suelos ni estacionalidad).
A10: · Budyko aplicado de forma agregada (φ medio) subestima R frente a la aplicación celda a celda, por la no linealidad de la curva.
A11: Caudal
A12: · Curvas de calibración nivel–caudal del IDEAM (errores típicos 5–15 % en crecientes y estiaje).
... A20: · El supuesto ΔS ≈ 0 es razonable a 30 años, pero el embalse de Salvajina y los acuíferos del Valle pueden almacenar o perder agua.

Sheet Figuras
