Workbook

Sheet Faltantes
A1: codigo | B1: estacion | C1: dias_con_dato | D1: dias_faltantes | E1: % días faltantes | F1: ceros | G1: negativos | H1: meses válidos (de 360)
A2: 26237040 | B2: Puerto Valdivia | C2: 9883 | D2: 1074 | E2: 9.8019531 | F2: 0 | G2: 0 | H2: 322
A3: 26217050 | B3: Cañafisto | C3: 10846 | D3: 111 | E3: 1.013051 | F3: 0 | G3: 0 | H3: 355
A4: 26207080 | B4: Bolombolo | C4: 10938 | D4: 19 | E4: 0.17340513 | F4: 0 | G4: 0 | H4: 359
A5: 26167070 | B5: Irra | C5: 10839 | D5: 118 | E5: 1.0769371 | F5: 0 | G5: 0 | H5: 356
A6: 26177030 | B6: La Virginia | C6: 10928 | D6: 29 | E6: 0.26467099 | F6: 0 | G6: 0 | H6: 359
A7: 26187110 | B7: La Pintada | C7: 10946 | D7: 11 | E7: 0.10039244 | F7: 0 | G7: 0 | H7: 360
A8: 26107070 | B8: La Victoria | C8: 9113 | D8: 1844 | E8: 16.829424 | F8: 0 | G8: 0 | H8: 299
A9: 26067010 | B9: Juanchito | C9: 8678 | D9: 2279 | E9: 20.799489 | F9: 0 | G9: 0 | H9: 284
A10: 26207030 | B10: Puente Iglesias | C10: 10543 | D10: 414 | E10: 3.7784065 | F10: 0 | G10: 0 | H10: 344
A11: 26027010 | B11: La Balsa | C11: 8602 | D11: 2355 | E11: 21.493109 | F11: 0 | G11: 0 | H11: 280
A12: 26237050 | B12: Puente Pescadero | C12: 6720 | D12: 4237 | E12: 38.669344 | F12: 0 | G12: 0 | H12: 212
A13: 26237100 | B13: Olaya | C13: 5329 | D13: 5628 | E13: 51.364425 | F13: 0 | G13: 0 | H13: 170
A15: En los archivos IDEAM el dato faltante es la ausencia de la fecha (no se codifica con 0 ni −999). No hay ceros ni negativos en 1981–2010; si los hubiera se tratarían como faltantes.
A16: En este libro los meses faltantes se rellenan por regresión entre estaciones (ver Relleno_metodo).

Sheet Relleno_metodo
A1: RELLENO DE CAUDALES MENSUALES 1981–2010 — REGRESIÓN ENTRE ESTACIONES
A2: Modelo: ln Q_objetivo = a + b · ln Q_predictora ; Q = exp(a + b·ln Q_pred) · factor de Duan (corrección de sesgo).
A3: Predictoras posibles: 102 estaciones IDEAM con caudal medio diario dentro de la cuenca (cauce principal, tributarios y cabecera).
A4: Elegibilidad: ≥ 60 meses de traslape en 1981–2010 y r(ln Q) ≥ 0.8.
A5: Cascada: cada mes faltante se rellena con la predictora elegible de mayor r que tenga dato ese mes.
A6: Validación cruzada: dejando un año fuera, se reconstruyen los meses observados con la misma cascada (NSE, RMSE, sesgo en 'Comparacion_Q').
A7: Mes válido = ≥ 80 % de los días con dato. Celdas rosadas en 'Q_mensual_relleno' = meses rellenados; la hoja 'Q_fuente_relleno' indica la predictora usada.
A8: Se incluyen Pte. Pescadero y Olaya (no validadas por < 15 años completos) para aprovechar su cercanía al punto de cierre.
A9: El relleno no usa P − ETR, para no condicionar la validación del balance hídrico (punto 9).

Sheet Relleno_regresiones
A1: codigo_obj | B1: estacion_obj | C1: predictora | D1: nombre_pred | E1: corriente_pred | F1: n_traslape | G1: r_ln | H1: a | I1: b | J1: factor_Duan | K1: meses_rellenados
A2: 26237040 | B2: Puerto Valdivia | C2: 26237100 | D2: Olaya | E2: CAUCA | F2: 160 | G2: 0.97640573 | H2: 0.73706234 | I2: 0.90933117 | J2: 1.0028583 | K2: 10
A3: 26237040 | B3: Puerto Valdivia | C3: 26237050 | D3: Puente Pescadero | E3: CAUCA | F3: 201 | G3: 0.97467665 | H3: 0.58690483 | I3: 0.9266037 | J3: 1.0033455 | K3: 1
A4: 26237040 | B4: Puerto Valdivia | C4: 26217050 | D4: Cañafisto | E4: CAUCA | F4: 317 | G4: 0.95366858 | H4: 1.6010463 | I4: 0.78831904 | J4: 1.0061109 | K4: 27
A5: 26217050 | B5: Cañafisto | C5: 26237100 | D5: Olaya | E5: CAUCA | F5: 167 | G5: 0.98943452 | H5: -0.57100001 | I5: 1.0749511 | J5: 1.0017114 | K5: 3
A6: 26217050 | B6: Cañafisto | C6: 26207080 | D6: Bolombolo | E6: CAUCA | F6: 354 | G6: 0.98894982 | H6: 0.048552948 | I6: 0.99976254 | J6: 1.0022397 | K6: 2
A7: 26207080 | B7: Bolombolo | C7: 26217050 | D7: Cañafisto | E7: CAUCA | F7: 354 | G7: 0.98894982 | H7: 0.099173711 | I7: 0.97825404 | J7: 1.0022545 | K7: 1
A8: 26167070 | B8: Irra | C8: 26177030 | D8: La Virginia | E8: CAUCA | F8: 355 | G8: 0.98836889 | H8: 0.27077028 | I8: 0.98950076 | J8: 1.0029149 | K8: 4
A9: 26177030 | B9: La Virginia | C9: 26167070 | D9: Irra | E9: CAUCA | F9: 355 | G9: 0.98836889 | H9: -0.12460973 | I9: 0.98723831 | J9: 1.0028897 | K9: 1
A10: 26107070 | B10: La Victoria | C10: 26177030 | D10: La Virginia | E10: CAUCA | F10: 299 | G10: 0.98513626 | H10: -0.4745286 | I10: 1.0201285 | J10: 1.0036008 | K10: 60
A11: 26107070 | B11: La Victoria | C11: 26167070 | D11: Irra | E11: CAUCA | F11: 295 | G11: 0.96976054 | H11: -0.41622816 | I11: 0.97759853 | J11: 1.007378 | K11: 1
A12: 26067010 | B12: Juanchito | C12: 26107070 | D12: La Victoria | E12: CAUCA | F12: 284 | G12: 0.97376997 | H12: 0.62262204 | I12: 0.84681786 | J12: 1.0047961 | K12: 15
A13: 26067010 | B13: Juanchito | C13: 26177030 | D13: La Virginia | E13: CAUCA | F13: 284 | G13: 0.9501121 | H13: 0.27799001 | I13: 0.85472369 | J13: 1.0090403 | K13: 60
... A23: 26237100 | B23: Olaya | C23: 26207080 | D23: Bolombolo | E23: CAUCA | F23: 170 | G23: 0.98148731 | H23: 0.80958034 | I23: 0.89588883 | J23: 1.0026868 | K23: 2

Sheet Q_mensual_relleno
A1: Fecha | B1: Puerto Valdivia (26237040) | C1: Cañafisto (26217050) | D1: Bolombolo (26207080) | E1: Irra (26167070) | F1: La Virginia (26177030) | G1: La Pintada (26187110) | H1: La Victoria (26107070) | I1: Juanchito (26067010) | J1: Puente Iglesias (26207030) | K1: La Balsa (26027010) | L1: Puente Pescadero (26237050) | M1: Olaya (26237100)
A2: 29587 | B2: 643.74 | C2: 559.94 | D2: 501.39 | E2: 431.42 | F2: 361.29 | G2: 407.68 | H2: 270.75 | I2: 209.86 | J2: 472.97 | K2: 167.7 | L2: 657.03 | M2: 617.71
A3: 29618 | B3: 514.86 | C3: 469.04 | D3: 429.86 | E3: 365.29 | F3: 309.46 | G3: 344.75 | H3: 242.97 | I3: 231.31 | J3: 439.93 | K3: 177.06 | L3: 564.35 | M3: 525.68
A4: 29646 | B4: 676.16 | C4: 601.58 | D4: 548.45 | E4: 496.42 | F4: 405.03 | G4: 459.32 | H4: 297.88 | I4: 253 | J4: 477.06 | K4: 208.94 | L4: 698.75 | M4: 659.41
A5: 29677 | B5: 1076.53 | C5: 991.47 | D5: 906.73 | E5: 778.37 | F5: 681.63 | G5: 814.03 | H5: 500.64 | I5: 399.09 | J5: 769.33 | K5: 321.69 | L5: 1072.9 | M5: 1039.36
A6: 29707 | B6: 1986.48 | C6: 1798.29 | D6: 1634 | E6: 1330.42 | F6: 1155.58 | G6: 1537.03 | H6: 830.26 | I6: 528.84 | J6: 1433.26 | K6: 378.45 | L6: 1788.56 | M6: 1787.57
A7: 29738 | B7: 1735.07 | C7: 1541.87 | D7: 1319.97 | E7: 953.93 | F7: 796.2 | G7: 1134.13 | H7: 581.37 | I7: 338.84 | J7: 1319.33 | K7: 240.02 | L7: 1567.32 | M7: 1553.87
A8: 29768 | B8: 1303 | C8: 1008.74 | D8: 865.1 | E8: 659.39 | F8: 505.23 | G8: 695.61 | H8: 379.55 | I8: 252.76 | J8: 806.29 | K8: 182.39 | L8: 1088.93 | M8: 1055.85
A9: 29799 | B9: 743.65 | C9: 547.39 | D9: 465.61 | E9: 303 | F9: 255.84 | G9: 322.45 | H9: 176.08 | I9: 123.85 | J9: 424.29 | K9: 106.01 | L9: 644.37 | M9: 605.09
A10: 29830 | B10: 991.07 | C10: 726.33 | D10: 643 | E10: 355.07 | F10: 281.27 | G10: 430.73 | H10: 175.08 | I10: 115.44 | J10: 569.43 | K10: 96.81 | L10: 821.43 | M10: 782.87
A11: 29860 | B11: 1055.77 | C11: 730.9 | D11: 652.06 | E11: 425.03 | F11: 323.81 | G11: 461.1 | H11: 207.09 | I11: 148.26 | J11: 581.06 | K11: 115 | L11: 825.86 | M11: 787.36
A12: 29891 | B12: 1734.07 | C12: 1321.47 | D12: 1232.13 | E12: 910.1 | F12: 754.73 | G12: 1054.5 | H12: 496.94 | I12: 370.78 | J12: 1154.51 | K12: 298.8 | L12: 1372.96 | M12: 1350.22
A13: 29921 | B13: 1339.68 | C13: 1162.58 | D13: 1072.16 | E13: 846.71 | F13: 720.13 | G13: 916.26 | H13: 542.17 | I13: 374.35 | J13: 1015.37 | K13: 277.35 | L13: 1230.01 | M13: 1201.54
... A187: 35217 | B187: 1664.5 | C187: 1407.37 | D187: 1328.07 | E187: 879.57 | F187: 687.8 | G187: 948.73 | H187: 489.84 | I187: 354.72 | J187: 1067.77 | K187: 227.8 | L187: 1584.57 | M187: 1492.5
A188: 35247 | B188: 1634.94 | C188: 1295.84 | D188: 1221.71 | E188: 821.87 | F188: 667.95 | G188: 840.68 | H188: 469.82 | I188: 342.9 | J188: 981.71 | L188: 1430.94 | M188: 1394.97
A189: 35278 | B189: 1097.32 | C189: 774.65 | D189: 710.13 | E189: 505.29 | F189: 377.84 | G189: 488.42 | H189: 265.87 | I189: 212.58 | J189: 578.77 | K189: 149.33 | L189: 825.45 | M189: 788.39
A190: 35309 | B190: 897.7 | C190: 622.17 | D190: 587.57 | E190: 404.43 | F190: 318.57 | G190: 380.17 | H190: 223.39 | I190: 183.73 | J190: 480.83 | K190: 132.4 | L190: 683.03 | M190: 645.07
A191: 35339 | B191: 1253.06 | C191: 1002.81 | D191: 934.29 | E191: 666.71 | F191: 513.9 | G191: 679.77 | H191: 363.85 | I191: 276.5 | J191: 793.45 | K191: 185.49 | L191: 1055.35 | M191: 1013.65
A192: 35370 | B192: 1112.93 | C192: 917.67 | D192: 876.13 | E192: 662.4 | F192: 552.6 | G192: 659.27 | H192: 391.82 | I192: 294.2 | J192: 783.9 | K192: 195.23 | L192: 996.07 | M192: 948.33
A193: 35400 | B193: 958.06 | C193: 820 | D193: 792.32 | E193: 635.55 | F193: 598.1 | G193: 618.94 | H193: 424.76 | I193: 314.78 | J193: 712.26 | K193: 206.42 | L193: 886.06 | M193: 847.94
A194: 35431 | B194: 1210.97 | C194: 1086.97 | D194: 1061.23 | E194: 976.74 | F194: 821.77 | G194: 947.26 | H194: 587.35 | I194: 413 | J194: 995.52 | K194: 258.25 | L194: 1168.71 | M194: 1119.32
A195: 35462 | B195: 1322.36 | C195: 1204.07 | D195: 1166.04 | E195: 983.79 | F195: 825.82 | G195: 956.75 | H195: 590.3 | I195: 414.73 | J195: 1041.71 | K195: 259.14 | L195: 1275.36 | M195: 1242
A196: 35490 | B196: 939.32 | C196: 852.45 | D196: 828.19 | E196: 705.32 | F196: 595.23 | G196: 679.13 | H196: 422.68 | I196: 313.49 | J196: 737.94 | K196: 205.73 | L196: 901.55 | M196: 878.45
A197: 35521 | B197: 987.9 | C197: 889.9 | D197: 853.03 | E197: 696.17 | F197: 578.7 | G197: 679.27 | H197: 410.71 | I197: 306.04 | J197: 760.47 | K197: 201.68 | L197: 943.97 | M197: 907.3
A198: 35551 | B198: 877 | C198: 758.71 | D198: 722.52 | E198: 610.61 | F198: 490.39 | G198: 557.23 | H198: 346.87 | I198: 265.65 | J198: 625.74 | K198: 179.46 | L198: 827.16 | M198: 791.52
A199: 35582 | B199: 1141.4 | C199: 964.2 | D199: 913.73 | E199: 733.93 | F199: 591.07 | G199: 705.97 | H199: 419.66 | I199: 311.62 | J199: 800.33 | K199: 204.71 | L199: 1060 | M199: 1018.2
A200: 35612 | B200: 701.87 | C200: 565.74 | D200: 527.68 | E200: 449.1 | F200: 371.06 | G200: 392.16 | H200: 261 | I200: 209.32 | J200: 452.35 | K200: 147.44 | L200: 647.42 | M200: 606.68
... A361: 40513 | B361: 2485.26 | C361: 2692.36 | D361: 2563.81 | E361: 1963.39 | F361: 1743.74 | G361: 2607 | H361: 1265.33 | I361: 785.61 | J361: 2632.65 | K361: 438.9 | L361: 2351.36 | M361: 2551.2

Sheet Q_fuente_relleno
A1: Fecha | B1: Puerto Valdivia (26237040) | C1: Cañafisto (26217050) | D1: Bolombolo (26207080) | E1: Irra (26167070) | F1: La Virginia (26177030) | G1: La Pintada (26187110) | H1: La Victoria (26107070) | I1: Juanchito (26067010) | J1: Puente Iglesias (26207030) | K1: La Balsa (26027010) | L1: Puente Pescadero (26237050) | M1: Olaya (26237100)
A2: 29587 | B2: observado | C2: observado | D2: observado | E2: observado | F2: observado | G2: observado | H2: observado | I2: observado | J2: observado | K2: observado | L2: Cañafisto (26217050) | M2: Cañafisto (26217050)
A3: 29618 | B3: observado | C3: observado | D3: observado | E3: observado | F3: observado | G3: observado | H3: observado | I3: observado | J3: observado | K3: observado | L3: Cañafisto (26217050) | M3: Cañafisto (26217050)
A4: 29646 | B4: observado | C4: observado | D4: observado | E4: observado | F4: observado | G4: observado | H4: observado | I4: observado | J4: observado | K4: observado | L4: Cañafisto (26217050) | M4: Cañafisto (26217050)
A5: 29677 | B5: observado | C5: observado | D5: observado | E5: observado | F5: observado | G5: observado | H5: observado | I5: observado | J5: observado | K5: observado | L5: Cañafisto (26217050) | M5: Cañafisto (26217050)
A6: 29707 | B6: observado | C6: observado | D6: observado | E6: observado | F6: observado | G6: observado | H6: observado | I6: observado | J6: observado | K6: observado | L6: Cañafisto (26217050) | M6: Cañafisto (26217050)
A7: 29738 | B7: observado | C7: observado | D7: observado | E7: observado | F7: observado | G7: observado | H7: observado | I7: observado | J7: observado | K7: observado | L7: Cañafisto (26217050) | M7: Cañafisto (26217050)
A8: 29768 | B8: observado | C8: observado | D8: observado | E8: observado | F8: observado | G8: observado | H8: observado | I8: observado | J8: observado | K8: observado | L8: Cañafisto (26217050) | M8: Cañafisto (26217050)
A9: 29799 | B9: observado | C9: observado | D9: observado | E9: observado | F9: observado | G9: observado | H9: observado | I9: observado | J9: observado | K9: observado | L9: Cañafisto (26217050) | M9: Cañafisto (26217050)
A10: 29830 | B10: observado | C10: observado | D10: observado | E10: observado | F10: observado | G10: observado | H10: observado | I10: observado | J10: observado | K10: observado | L10: Cañafisto (26217050) | M10: Cañafisto (26217050)
A11: 29860 | B11: observado | C11: observado | D11: observado | E11: observado | F11: observado | G11: observado | H11: observado | I11: observado | J11: observado | K11: observado | L11: Cañafisto (26217050) | M11: Cañafisto (26217050)
A12: 29891 | B12: observado | C12: observado | D12: observado | E12: observado | F12: observado | G12: observado | H12: observado | I12: observado | J12: La Pintada (26187110) | K12: observado | L12: Cañafisto (26217050) | M12: Cañafisto (26217050)
A13: 29921 | B13: observado | C13: observado | D13: observado | E13: observado | F13: observado | G13: observado | H13: observado | I13: observado | J13: La Pintada (26187110) | K13: observado | L13: Cañafisto (26217050) | M13: Cañafisto (26217050)
... A361: 40513 | B361: observado | C361: Bolombolo (26207080) | D361: observado | E361: observado | F361: observado | G361: observado | H361: La Virginia (26177030) | I361: La Virginia (26177030) | J361: observado | K361: La Virginia (26177030) | L361: Puerto Valdivia (26237040) | M361: Bolombolo (26207080)

Sheet Q_anual_relleno
A1: Año | B1: Puerto Valdivia (26237040) | C1: Cañafisto (26217050) | D1: Bolombolo (26207080) | E1: Irra (26167070) | F1: La Virginia (26177030) | G1: La Pintada (26187110) | H1: La Victoria (26107070) | I1: Juanchito (26067010) | J1: Puente Iglesias (26207030) | K1: La Balsa (26027010) | L1: Puente Pescadero (26237050) | M1: Olaya (26237100)
A2: 1981 | B2: =IF(COUNT(Q_mensual_relleno!B2:B13)=12,AVERAGE(Q_mensual_relleno!B2:B13),"") | C2: =IF(COUNT(Q_mensual_relleno!C2:C13)=12,AVERAGE(Q_mensual_relleno!C2:C13),"") | D2: =IF(COUNT(Q_mensual_relleno!D2:D13)=12,AVERAGE(Q_mensual_relleno!D2:D13),"") | E2: =IF(COUNT(Q_mensual_relleno!E2:E13)=12,AVERAGE(Q_mensual_relleno!E2:E13),"") | F2: =IF(COUNT(Q_mensual_relleno!F2:F13)=12,AVERAGE(Q_mensual_relleno!F2:F13),"") | G2: =IF(COUNT(Q_mensual_relleno!G2:G13)=12,AVERAGE(Q_mensual_relleno!G2:G13),"") | H2: =IF(COUNT(Q_mensual_relleno!H2:H13)=12,AVERAGE(Q_mensual_relleno!H2:H13),"") | I2: =IF(COUNT(Q_mensual_relleno!I2:I13)=12,AVERAGE(Q_mensual_relleno!I2:I13),"") | ... M2: =IF(COUNT(Q_mensual_relleno!M2:M13)=12,AVERAGE(Q_mensual_relleno!M2:M13),"")
A3: 1982 | B3: =IF(COUNT(Q_mensual_relleno!B14:B25)=12,AVERAGE(Q_mensual_relleno!B14:B25),"") | C3: =IF(COUNT(Q_mensual_relleno!C14:C25)=12,AVERAGE(Q_mensual_relleno!C14:C25),"") | D3: =IF(COUNT(Q_mensual_relleno!D14:D25)=12,AVERAGE(Q_mensual_relleno!D14:D25),"") | E3: =IF(COUNT(Q_mensual_relleno!E14:E25)=12,AVERAGE(Q_mensual_relleno!E14:E25),"") | F3: =IF(COUNT(Q_mensual_relleno!F14:F25)=12,AVERAGE(Q_mensual_relleno!F14:F25),"") | G3: =IF(COUNT(Q_mensual_relleno!G14:G25)=12,AVERAGE(Q_mensual_relleno!G14:G25),"") | H3: =IF(COUNT(Q_mensual_relleno!H14:H25)=12,AVERAGE(Q_mensual_relleno!H14:H25),"") | I3: =IF(COUNT(Q_mensual_relleno!I14:I25)=12,AVERAGE(Q_mensual_relleno!I14:I25),"") | ... M3: =IF(COUNT(Q_mensual_relleno!M14:M25)=12,AVERAGE(Q_mensual_relleno!M14:M25),"")
A4: 1983 | B4: =IF(COUNT(Q_mensual_relleno!B26:B37)=12,AVERAGE(Q_mensual_relleno!B26:B37),"") | C4: =IF(COUNT(Q_mensual_relleno!C26:C37)=12,AVERAGE(Q_mensual_relleno!C26:C37),"") | D4: =IF(COUNT(Q_mensual_relleno!D26:D37)=12,AVERAGE(Q_mensual_relleno!D26:D37),"") | E4: =IF(COUNT(Q_mensual_relleno!E26:E37)=12,AVERAGE(Q_mensual_relleno!E26:E37),"") | F4: =IF(COUNT(Q_mensual_relleno!F26:F37)=12,AVERAGE(Q_mensual_relleno!F26:F37),"") | G4: =IF(COUNT(Q_mensual_relleno!G26:G37)=12,AVERAGE(Q_mensual_relleno!G26:G37),"") | H4: =IF(COUNT(Q_mensual_relleno!H26:H37)=12,AVERAGE(Q_mensual_relleno!H26:H37),"") | I4: =IF(COUNT(Q_mensual_relleno!I26:I37)=12,AVERAGE(Q_mensual_relleno!I26:I37),"") | ... M4: =IF(COUNT(Q_mensual_relleno!M26:M37)=12,AVERAGE(Q_mensual_relleno!M26:M37),"")
A5: 1984 | B5: =IF(COUNT(Q_mensual_relleno!B38:B49)=12,AVERAGE(Q_mensual_relleno!B38:B49),"") | C5: =IF(COUNT(Q_mensual_relleno!C38:C49)=12,AVERAGE(Q_mensual_relleno!C38:C49),"") | D5: =IF(COUNT(Q_mensual_relleno!D38:D49)=12,AVERAGE(Q_mensual_relleno!D38:D49),"") | E5: =IF(COUNT(Q_mensual_relleno!E38:E49)=12,AVERAGE(Q_mensual_relleno!E38:E49),"") | F5: =IF(COUNT(Q_mensual_relleno!F38:F49)=12,AVERAGE(Q_mensual_relleno!F38:F49),"") | G5: =IF(COUNT(Q_mensual_relleno!G38:G49)=12,AVERAGE(Q_mensual_relleno!G38:G49),"") | H5: =IF(COUNT(Q_mensual_relleno!H38:H49)=12,AVERAGE(Q_mensual_relleno!H38:H49),"") | I5: =IF(COUNT(Q_mensual_relleno!I38:I49)=12,AVERAGE(Q_mensual_relleno!I38:I49),"") | ... M5: =IF(COUNT(Q_mensual_relleno!M38:M49)=12,AVERAGE(Q_mensual_relleno!M38:M49),"")
A6: 1985 | B6: =IF(COUNT(Q_mensual_relleno!B50:B61)=12,AVERAGE(Q_mensual_relleno!B50:B61),"") | C6: =IF(COUNT(Q_mensual_relleno!C50:C61)=12,AVERAGE(Q_mensual_relleno!C50:C61),"") | D6: =IF(COUNT(Q_mensual_relleno!D50:D61)=12,AVERAGE(Q_mensual_relleno!D50:D61),"") | E6: =IF(COUNT(Q_mensual_relleno!E50:E61)=12,AVERAGE(Q_mensual_relleno!E50:E61),"") | F6: =IF(COUNT(Q_mensual_relleno!F50:F61)=12,AVERAGE(Q_mensual_relleno!F50:F61),"") | G6: =IF(COUNT(Q_mensual_relleno!G50:G61)=12,AVERAGE(Q_mensual_relleno!G50:G61),"") | H6: =IF(COUNT(Q_mensual_relleno!H50:H61)=12,AVERAGE(Q_mensual_relleno!H50:H61),"") | I6: =IF(COUNT(Q_mensual_relleno!I50:I61)=12,AVERAGE(Q_mensual_relleno!I50:I61),"") | ... M6: =IF(COUNT(Q_mensual_relleno!M50:M61)=12,AVERAGE(Q_mensual_relleno!M50:M61),"")
A7: 1986 | B7: =IF(COUNT(Q_mensual_relleno!B62:B73)=12,AVERAGE(Q_mensual_relleno!B62:B73),"") | C7: =IF(COUNT(Q_mensual_relleno!C62:C73)=12,AVERAGE(Q_mensual_relleno!C62:C73),"") | D7: =IF(COUNT(Q_mensual_relleno!D62:D73)=12,AVERAGE(Q_mensual_relleno!D62:D73),"") | E7: =IF(COUNT(Q_mensual_relleno!E62:E73)=12,AVERAGE(Q_mensual_relleno!E62:E73),"") | F7: =IF(COUNT(Q_mensual_relleno!F62:F73)=12,AVERAGE(Q_mensual_relleno!F62:F73),"") | G7: =IF(COUNT(Q_mensual_relleno!G62:G73)=12,AVERAGE(Q_mensual_relleno!G62:G73),"") | H7: =IF(COUNT(Q_mensual_relleno!H62:H73)=12,AVERAGE(Q_mensual_relleno!H62:H73),"") | I7: =IF(COUNT(Q_mensual_relleno!I62:I73)=12,AVERAGE(Q_mensual_relleno!I62:I73),"") | ... M7: =IF(COUNT(Q_mensual_relleno!M62:M73)=12,AVERAGE(Q_mensual_relleno!M62:M73),"")
A8: 1987 | B8: =IF(COUNT(Q_mensual_relleno!B74:B85)=12,AVERAGE(Q_mensual_relleno!B74:B85),"") | C8: =IF(COUNT(Q_mensual_relleno!C74:C85)=12,AVERAGE(Q_mensual_relleno!C74:C85),"") | D8: =IF(COUNT(Q_mensual_relleno!D74:D85)=12,AVERAGE(Q_mensual_relleno!D74:D85),"") | E8: =IF(COUNT(Q_mensual_relleno!E74:E85)=12,AVERAGE(Q_mensual_relleno!E74:E85),"") | F8: =IF(COUNT(Q_mensual_relleno!F74:F85)=12,AVERAGE(Q_mensual_relleno!F74:F85),"") | G8: =IF(COUNT(Q_mensual_relleno!G74:G85)=12,AVERAGE(Q_mensual_relleno!G74:G85),"") | H8: =IF(COUNT(Q_mensual_relleno!H74:H85)=12,AVERAGE(Q_mensual_relleno!H74:H85),"") | I8: =IF(COUNT(Q_mensual_relleno!I74:I85)=12,AVERAGE(Q_mensual_relleno!I74:I85),"") | ... M8: =IF(COUNT(Q_mensual_relleno!M74:M85)=12,AVERAGE(Q_mensual_relleno!M74:M85),"")
A9: 1988 | B9: =IF(COUNT(Q_mensual_relleno!B86:B97)=12,AVERAGE(Q_mensual_relleno!B86:B97),"") | C9: =IF(COUNT(Q_mensual_relleno!C86:C97)=12,AVERAGE(Q_mensual_relleno!C86:C97),"") | D9: =IF(COUNT(Q_mensual_relleno!D86:D97)=12,AVERAGE(Q_mensual_relleno!D86:D97),"") | E9: =IF(COUNT(Q_mensual_relleno!E86:E97)=12,AVERAGE(Q_mensual_relleno!E86:E97),"") | F9: =IF(COUNT(Q_mensual_relleno!F86:F97)=12,AVERAGE(Q_mensual_relleno!F86:F97),"") | G9: =IF(COUNT(Q_mensual_relleno!G86:G97)=12,AVERAGE(Q_mensual_relleno!G86:G97),"") | H9: =IF(COUNT(Q_mensual_relleno!H86:H97)=12,AVERAGE(Q_mensual_relleno!H86:H97),"") | I9: =IF(COUNT(Q_mensual_relleno!I86:I97)=12,AVERAGE(Q_mensual_relleno!I86:I97),"") | ... M9: =IF(COUNT(Q_mensual_relleno!M86:M97)=12,AVERAGE(Q_mensual_relleno!M86:M97),"")
A10: 1989 | B10: =IF(COUNT(Q_mensual_relleno!B98:B109)=12,AVERAGE(Q_mensual_relleno!B98:B109),"") | C10: =IF(COUNT(Q_mensual_relleno!C98:C109)=12,AVERAGE(Q_mensual_relleno!C98:C109),"") | D10: =IF(COUNT(Q_mensual_relleno!D98:D109)=12,AVERAGE(Q_mensual_relleno!D98:D109),"") | E10: =IF(COUNT(Q_mensual_relleno!E98:E109)=12,AVERAGE(Q_mensual_relleno!E98:E109),"") | F10: =IF(COUNT(Q_mensual_relleno!F98:F109)=12,AVERAGE(Q_mensual_relleno!F98:F109),"") | G10: =IF(COUNT(Q_mensual_relleno!G98:G109)=12,AVERAGE(Q_mensual_relleno!G98:G109),"") | H10: =IF(COUNT(Q_mensual_relleno!H98:H109)=12,AVERAGE(Q_mensual_relleno!H98:H109),"") | I10: =IF(COUNT(Q_mensual_relleno!I98:I109)=12,AVERAGE(Q_mensual_relleno!I98:I109),"") | ... M10: =IF(COUNT(Q_mensual_relleno!M98:M109)=12,AVERAGE(Q_mensual_relleno!M98:M109),"")
A11: 1990 | B11: =IF(COUNT(Q_mensual_relleno!B110:B121)=12,AVERAGE(Q_mensual_relleno!B110:B121),"") | C11: =IF(COUNT(Q_mensual_relleno!C110:C121)=12,AVERAGE(Q_mensual_relleno!C110:C121),"") | D11: =IF(COUNT(Q_mensual_relleno!D110:D121)=12,AVERAGE(Q_mensual_relleno!D110:D121),"") | E11: =IF(COUNT(Q_mensual_relleno!E110:E121)=12,AVERAGE(Q_mensual_relleno!E110:E121),"") | F11: =IF(COUNT(Q_mensual_relleno!F110:F121)=12,AVERAGE(Q_mensual_relleno!F110:F121),"") | G11: =IF(COUNT(Q_mensual_relleno!G110:G121)=12,AVERAGE(Q_mensual_relleno!G110:G121),"") | H11: =IF(COUNT(Q_mensual_relleno!H110:H121)=12,AVERAGE(Q_mensual_relleno!H110:H121),"") | I11: =IF(COUNT(Q_mensual_relleno!I110:I121)=12,AVERAGE(Q_mensual_relleno!I110:I121),"") | ... M11: =IF(COUNT(Q_mensual_relleno!M110:M121)=12,AVERAGE(Q_mensual_relleno!M110:M121),"")
A12: 1991 | B12: =IF(COUNT(Q_mensual_relleno!B122:B133)=12,AVERAGE(Q_mensual_relleno!B122:B133),"") | C12: =IF(COUNT(Q_mensual_relleno!C122:C133)=12,AVERAGE(Q_mensual_relleno!C122:C133),"") | D12: =IF(COUNT(Q_mensual_relleno!D122:D133)=12,AVERAGE(Q_mensual_relleno!D122:D133),"") | E12: =IF(COUNT(Q_mensual_relleno!E122:E133)=12,AVERAGE(Q_mensual_relleno!E122:E133),"") | F12: =IF(COUNT(Q_mensual_relleno!F122:F133)=12,AVERAGE(Q_mensual_relleno!F122:F133),"") | G12: =IF(COUNT(Q_mensual_relleno!G122:G133)=12,AVERAGE(Q_mensual_relleno!G122:G133),"") | H12: =IF(COUNT(Q_mensual_relleno!H122:H133)=12,AVERAGE(Q_mensual_relleno!H122:H133),"") | I12: =IF(COUNT(Q_mensual_relleno!I122:I133)=12,AVERAGE(Q_mensual_relleno!I122:I133),"") | ... M12: =IF(COUNT(Q_mensual_relleno!M122:M133)=12,AVERAGE(Q_mensual_relleno!M122:M133),"")
A13: 1992 | B13: =IF(COUNT(Q_mensual_relleno!B134:B145)=12,AVERAGE(Q_mensual_relleno!B134:B145),"") | C13: =IF(COUNT(Q_mensual_relleno!C134:C145)=12,AVERAGE(Q_mensual_relleno!C134:C145),"") | D13: =IF(COUNT(Q_mensual_relleno!D134:D145)=12,AVERAGE(Q_mensual_relleno!D134:D145),"") | E13: =IF(COUNT(Q_mensual_relleno!E134:E145)=12,AVERAGE(Q_mensual_relleno!E134:E145),"") | F13: =IF(COUNT(Q_mensual_relleno!F134:F145)=12,AVERAGE(Q_mensual_relleno!F134:F145),"") | G13: =IF(COUNT(Q_mensual_relleno!G134:G145)=12,AVERAGE(Q_mensual_relleno!G134:G145),"") | H13: =IF(COUNT(Q_mensual_relleno!H134:H145)=12,AVERAGE(Q_mensual_relleno!H134:H145),"") | I13: =IF(COUNT(Q_mensual_relleno!I134:I145)=12,AVERAGE(Q_mensual_relleno!I134:I145),"") | ... M13: =IF(COUNT(Q_mensual_relleno!M134:M145)=12,AVERAGE(Q_mensual_relleno!M134:M145),"")
A14: 1993 | B14: =IF(COUNT(Q_mensual_relleno!B146:B157)=12,AVERAGE(Q_mensual_relleno!B146:B157),"") | C14: =IF(COUNT(Q_mensual_relleno!C146:C157)=12,AVERAGE(Q_mensual_relleno!C146:C157),"") | D14: =IF(COUNT(Q_mensual_relleno!D146:D157)=12,AVERAGE(Q_mensual_relleno!D146:D157),"") | E14: =IF(COUNT(Q_mensual_relleno!E146:E157)=12,AVERAGE(Q_mensual_relleno!E146:E157),"") | F14: =IF(COUNT(Q_mensual_relleno!F146:F157)=12,AVERAGE(Q_mensual_relleno!F146:F157),"") | G14: =IF(COUNT(Q_mensual_relleno!G146:G157)=12,AVERAGE(Q_mensual_relleno!G146:G157),"") | H14: =IF(COUNT(Q_mensual_relleno!H146:H157)=12,AVERAGE(Q_mensual_relleno!H146:H157),"") | I14: =IF(COUNT(Q_mensual_relleno!I146:I157)=12,AVERAGE(Q_mensual_relleno!I146:I157),"") | ... M14: =IF(COUNT(Q_mensual_relleno!M146:M157)=12,AVERAGE(Q_mensual_relleno!M146:M157),"")
A15: 1994 | B15: =IF(COUNT(Q_mensual_relleno!B158:B169)=12,AVERAGE(Q_mensual_relleno!B158:B169),"") | C15: =IF(COUNT(Q_mensual_relleno!C158:C169)=12,AVERAGE(Q_mensual_relleno!C158:C169),"") | D15: =IF(COUNT(Q_mensual_relleno!D158:D169)=12,AVERAGE(Q_mensual_relleno!D158:D169),"") | E15: =IF(COUNT(Q_mensual_relleno!E158:E169)=12,AVERAGE(Q_mensual_relleno!E158:E169),"") | F15: =IF(COUNT(Q_mensual_relleno!F158:F169)=12,AVERAGE(Q_mensual_relleno!F158:F169),"") | G15: =IF(COUNT(Q_mensual_relleno!G158:G169)=12,AVERAGE(Q_mensual_relleno!G158:G169),"") | H15: =IF(COUNT(Q_mensual_relleno!H158:H169)=12,AVERAGE(Q_mensual_relleno!H158:H169),"") | I15: =IF(COUNT(Q_mensual_relleno!I158:I169)=12,AVERAGE(Q_mensual_relleno!I158:I169),"") | ... M15: =IF(COUNT(Q_mensual_relleno!M158:M169)=12,AVERAGE(Q_mensual_relleno!M158:M169),"")
A16: 1995 | B16: =IF(COUNT(Q_mensual_relleno!B170:B181)=12,AVERAGE(Q_mensual_relleno!B170:B181),"") | C16: =IF(COUNT(Q_mensual_relleno!C170:C181)=12,AVERAGE(Q_mensual_relleno!C170:C181),"") | D16: =IF(COUNT(Q_mensual_relleno!D170:D181)=12,AVERAGE(Q_mensual_relleno!D170:D181),"") | E16: =IF(COUNT(Q_mensual_relleno!E170:E181)=12,AVERAGE(Q_mensual_relleno!E170:E181),"") | F16: =IF(COUNT(Q_mensual_relleno!F170:F181)=12,AVERAGE(Q_mensual_relleno!F170:F181),"") | G16: =IF(COUNT(Q_mensual_relleno!G170:G181)=12,AVERAGE(Q_mensual_relleno!G170:G181),"") | H16: =IF(COUNT(Q_mensual_relleno!H170:H181)=12,AVERAGE(Q_mensual_relleno!H170:H181),"") | I16: =IF(COUNT(Q_mensual_relleno!I170:I181)=12,AVERAGE(Q_mensual_relleno!I170:I181),"") | ... M16: =IF(COUNT(Q_mensual_relleno!M170:M181)=12,AVERAGE(Q_mensual_relleno!M170:M181),"")
A17: 1996 | B17: =IF(COUNT(Q_mensual_relleno!B182:B193)=12,AVERAGE(Q_mensual_relleno!B182:B193),"") | C17: =IF(COUNT(Q_mensual_relleno!C182:C193)=12,AVERAGE(Q_mensual_relleno!C182:C193),"") | D17: =IF(COUNT(Q_mensual_relleno!D182:D193)=12,AVERAGE(Q_mensual_relleno!D182:D193),"") | E17: =IF(COUNT(Q_mensual_relleno!E182:E193)=12,AVERAGE(Q_mensual_relleno!E182:E193),"") | F17: =IF(COUNT(Q_mensual_relleno!F182:F193)=12,AVERAGE(Q_mensual_relleno!F182:F193),"") | G17: =IF(COUNT(Q_mensual_relleno!G182:G193)=12,AVERAGE(Q_mensual_relleno!G182:G193),"") | H17: =IF(COUNT(Q_mensual_relleno!H182:H193)=12,AVERAGE(Q_mensual_relleno!H182:H193),"") | I17: =IF(COUNT(Q_mensual_relleno!I182:I193)=12,AVERAGE(Q_mensual_relleno!I182:I193),"") | ... M17: =IF(COUNT(Q_mensual_relleno!M182:M193)=12,AVERAGE(Q_mensual_relleno!M182:M193),"")
A18: 1997 | B18: =IF(COUNT(Q_mensual_relleno!B194:B205)=12,AVERAGE(Q_mensual_relleno!B194:B205),"") | C18: =IF(COUNT(Q_mensual_relleno!C194:C205)=12,AVERAGE(Q_mensual_relleno!C194:C205),"") | D18: =IF(COUNT(Q_mensual_relleno!D194:D205)=12,AVERAGE(Q_mensual_relleno!D194:D205),"") | E18: =IF(COUNT(Q_mensual_relleno!E194:E205)=12,AVERAGE(Q_mensual_relleno!E194:E205),"") | F18: =IF(COUNT(Q_mensual_relleno!F194:F205)=12,AVERAGE(Q_mensual_relleno!F194:F205),"") | G18: =IF(COUNT(Q_mensual_relleno!G194:G205)=12,AVERAGE(Q_mensual_relleno!G194:G205),"") | H18: =IF(COUNT(Q_mensual_relleno!H194:H205)=12,AVERAGE(Q_mensual_relleno!H194:H205),"") | I18: =IF(COUNT(Q_mensual_relleno!I194:I205)=12,AVERAGE(Q_mensual_relleno!I194:I205),"") | ... M18: =IF(COUNT(Q_mensual_relleno!M194:M205)=12,AVERAGE(Q_mensual_relleno!M194:M205),"")
A19: 1998 | B19: =IF(COUNT(Q_mensual_relleno!B206:B217)=12,AVERAGE(Q_mensual_relleno!B206:B217),"") | C19: =IF(COUNT(Q_mensual_relleno!C206:C217)=12,AVERAGE(Q_mensual_relleno!C206:C217),"") | D19: =IF(COUNT(Q_mensual_relleno!D206:D217)=12,AVERAGE(Q_mensual_relleno!D206:D217),"") | E19: =IF(COUNT(Q_mensual_relleno!E206:E217)=12,AVERAGE(Q_mensual_relleno!E206:E217),"") | F19: =IF(COUNT(Q_mensual_relleno!F206:F217)=12,AVERAGE(Q_mensual_relleno!F206:F217),"") | G19: =IF(COUNT(Q_mensual_relleno!G206:G217)=12,AVERAGE(Q_mensual_relleno!G206:G217),"") | H19: =IF(COUNT(Q_mensual_relleno!H206:H217)=12,AVERAGE(Q_mensual_relleno!H206:H217),"") | I19: =IF(COUNT(Q_mensual_relleno!I206:I217)=12,AVERAGE(Q_mensual_relleno!I206:I217),"") | ... M19: =IF(COUNT(Q_mensual_relleno!M206:M217)=12,AVERAGE(Q_mensual_relleno!M206:M217),"")
A20: 1999 | B20: =IF(COUNT(Q_mensual_relleno!B218:B229)=12,AVERAGE(Q_mensual_relleno!B218:B229),"") | C20: =IF(COUNT(Q_mensual_relleno!C218:C229)=12,AVERAGE(Q_mensual_relleno!C218:C229),"") | D20: =IF(COUNT(Q_mensual_relleno!D218:D229)=12,AVERAGE(Q_mensual_relleno!D218:D229),"") | E20: =IF(COUNT(Q_mensual_relleno!E218:E229)=12,AVERAGE(Q_mensual_relleno!E218:E229),"") | F20: =IF(COUNT(Q_mensual_relleno!F218:F229)=12,AVERAGE(Q_mensual_relleno!F218:F229),"") | G20: =IF(COUNT(Q_mensual_relleno!G218:G229)=12,AVERAGE(Q_mensual_relleno!G218:G229),"") | H20: =IF(COUNT(Q_mensual_relleno!H218:H229)=12,AVERAGE(Q_mensual_relleno!H218:H229),"") | I20: =IF(COUNT(Q_mensual_relleno!I218:I229)=12,AVERAGE(Q_mensual_relleno!I218:I229),"") | ... M20: =IF(COUNT(Q_mensual_relleno!M218:M229)=12,AVERAGE(Q_mensual_relleno!M218:M229),"")
A21: 2000 | B21: =IF(COUNT(Q_mensual_relleno!B230:B241)=12,AVERAGE(Q_mensual_relleno!B230:B241),"") | C21: =IF(COUNT(Q_mensual_relleno!C230:C241)=12,AVERAGE(Q_mensual_relleno!C230:C241),"") | D21: =IF(COUNT(Q_mensual_relleno!D230:D241)=12,AVERAGE(Q_mensual_relleno!D230:D241),"") | E21: =IF(COUNT(Q_mensual_relleno!E230:E241)=12,AVERAGE(Q_mensual_relleno!E230:E241),"") | F21: =IF(COUNT(Q_mensual_relleno!F230:F241)=12,AVERAGE(Q_mensual_relleno!F230:F241),"") | G21: =IF(COUNT(Q_mensual_relleno!G230:G241)=12,AVERAGE(Q_mensual_relleno!G230:G241),"") | H21: =IF(COUNT(Q_mensual_relleno!H230:H241)=12,AVERAGE(Q_mensual_relleno!H230:H241),"") | I21: =IF(COUNT(Q_mensual_relleno!I230:I241)=12,AVERAGE(Q_mensual_relleno!I230:I241),"") | ... M21: =IF(COUNT(Q_mensual_relleno!M230:M241)=12,AVERAGE(Q_mensual_relleno!M230:M241),"")
A22: 2001 | B22: =IF(COUNT(Q_mensual_relleno!B242:B253)=12,AVERAGE(Q_mensual_relleno!B242:B253),"") | C22: =IF(COUNT(Q_mensual_relleno!C242:C253)=12,AVERAGE(Q_mensual_relleno!C242:C253),"") | D22: =IF(COUNT(Q_mensual_relleno!D242:D253)=12,AVERAGE(Q_mensual_relleno!D242:D253),"") | E22: =IF(COUNT(Q_mensual_relleno!E242:E253)=12,AVERAGE(Q_mensual_relleno!E242:E253),"") | F22: =IF(COUNT(Q_mensual_relleno!F242:F253)=12,AVERAGE(Q_mensual_relleno!F242:F253),"") | G22: =IF(COUNT(Q_mensual_relleno!G242:G253)=12,AVERAGE(Q_mensual_relleno!G242:G253),"") | H22: =IF(COUNT(Q_mensual_relleno!H242:H253)=12,AVERAGE(Q_mensual_relleno!H242:H253),"") | I22: =IF(COUNT(Q_mensual_relleno!I242:I253)=12,AVERAGE(Q_mensual_relleno!I242:I253),"") | ... M22: =IF(COUNT(Q_mensual_relleno!M242:M253)=12,AVERAGE(Q_mensual_relleno!M242:M253),"")
A23: 2002 | B23: =IF(COUNT(Q_mensual_relleno!B254:B265)=12,AVERAGE(Q_mensual_relleno!B254:B265),"") | C23: =IF(COUNT(Q_mensual_relleno!C254:C265)=12,AVERAGE(Q_mensual_relleno!C254:C265),"") | D23: =IF(COUNT(Q_mensual_relleno!D254:D265)=12,AVERAGE(Q_mensual_relleno!D254:D265),"") | E23: =IF(COUNT(Q_mensual_relleno!E254:E265)=12,AVERAGE(Q_mensual_relleno!E254:E265),"") | F23: =IF(COUNT(Q_mensual_relleno!F254:F265)=12,AVERAGE(Q_mensual_relleno!F254:F265),"") | G23: =IF(COUNT(Q_mensual_relleno!G254:G265)=12,AVERAGE(Q_mensual_relleno!G254:G265),"") | H23: =IF(COUNT(Q_mensual_relleno!H254:H265)=12,AVERAGE(Q_mensual_relleno!H254:H265),"") | I23: =IF(COUNT(Q_mensual_relleno!I254:I265)=12,AVERAGE(Q_mensual_relleno!I254:I265),"") | ... M23: =IF(COUNT(Q_mensual_relleno!M254:M265)=12,AVERAGE(Q_mensual_relleno!M254:M265),"")
A24: 2003 | B24: =IF(COUNT(Q_mensual_relleno!B266:B277)=12,AVERAGE(Q_mensual_relleno!B266:B277),"") | C24: =IF(COUNT(Q_mensual_relleno!C266:C277)=12,AVERAGE(Q_mensual_relleno!C266:C277),"") | D24: =IF(COUNT(Q_mensual_relleno!D266:D277)=12,AVERAGE(Q_mensual_relleno!D266:D277),"") | E24: =IF(COUNT(Q_mensual_relleno!E266:E277)=12,AVERAGE(Q_mensual_relleno!E266:E277),"") | F24: =IF(COUNT(Q_mensual_relleno!F266:F277)=12,AVERAGE(Q_mensual_relleno!F266:F277),"") | G24: =IF(COUNT(Q_mensual_relleno!G266:G277)=12,AVERAGE(Q_mensual_relleno!G266:G277),"") | H24: =IF(COUNT(Q_mensual_relleno!H266:H277)=12,AVERAGE(Q_mensual_relleno!H266:H277),"") | I24: =IF(COUNT(Q_mensual_relleno!I266:I277)=12,AVERAGE(Q_mensual_relleno!I266:I277),"") | ... M24: =IF(COUNT(Q_mensual_relleno!M266:M277)=12,AVERAGE(Q_mensual_relleno!M266:M277),"")
A25: 2004 | B25: =IF(COUNT(Q_mensual_relleno!B278:B289)=12,AVERAGE(Q_mensual_relleno!B278:B289),"") | C25: =IF(COUNT(Q_mensual_relleno!C278:C289)=12,AVERAGE(Q_mensual_relleno!C278:C289),"") | D25: =IF(COUNT(Q_mensual_relleno!D278:D289)=12,AVERAGE(Q_mensual_relleno!D278:D289),"") | E25: =IF(COUNT(Q_mensual_relleno!E278:E289)=12,AVERAGE(Q_mensual_relleno!E278:E289),"") | F25: =IF(COUNT(Q_mensual_relleno!F278:F289)=12,AVERAGE(Q_mensual_relleno!F278:F289),"") | G25: =IF(COUNT(Q_mensual_relleno!G278:G289)=12,AVERAGE(Q_mensual_relleno!G278:G289),"") | H25: =IF(COUNT(Q_mensual_relleno!H278:H289)=12,AVERAGE(Q_mensual_relleno!H278:H289),"") | I25: =IF(COUNT(Q_mensual_relleno!I278:I289)=12,AVERAGE(Q_mensual_relleno!I278:I289),"") | ... M25: =IF(COUNT(Q_mensual_relleno!M278:M289)=12,AVERAGE(Q_mensual_relleno!M278:M289),"")
A26: 2005 | B26: =IF(COUNT(Q_mensual_relleno!B290:B301)=12,AVERAGE(Q_mensual_relleno!B290:B301),"") | C26: =IF(COUNT(Q_mensual_relleno!C290:C301)=12,AVERAGE(Q_mensual_relleno!C290:C301),"") | D26: =IF(COUNT(Q_mensual_relleno!D290:D301)=12,AVERAGE(Q_mensual_relleno!D290:D301),"") | E26: =IF(COUNT(Q_mensual_relleno!E290:E301)=12,AVERAGE(Q_mensual_relleno!E290:E301),"") | F26: =IF(COUNT(Q_mensual_relleno!F290:F301)=12,AVERAGE(Q_mensual_relleno!F290:F301),"") | G26: =IF(COUNT(Q_mensual_relleno!G290:G301)=12,AVERAGE(Q_mensual_relleno!G290:G301),"") | H26: =IF(COUNT(Q_mensual_relleno!H290:H301)=12,AVERAGE(Q_mensual_relleno!H290:H301),"") | I26: =IF(COUNT(Q_mensual_relleno!I290:I301)=12,AVERAGE(Q_mensual_relleno!I290:I301),"") | ... M26: =IF(COUNT(Q_mensual_relleno!M290:M301)=12,AVERAGE(Q_mensual_relleno!M290:M301),"")
A27: 2006 | B27: =IF(COUNT(Q_mensual_relleno!B302:B313)=12,AVERAGE(Q_mensual_relleno!B302:B313),"") | C27: =IF(COUNT(Q_mensual_relleno!C302:C313)=12,AVERAGE(Q_mensual_relleno!C302:C313),"") | D27: =IF(COUNT(Q_mensual_relleno!D302:D313)=12,AVERAGE(Q_mensual_relleno!D302:D313),"") | E27: =IF(COUNT(Q_mensual_relleno!E302:E313)=12,AVERAGE(Q_mensual_relleno!E302:E313),"") | F27: =IF(COUNT(Q_mensual_relleno!F302:F313)=12,AVERAGE(Q_mensual_relleno!F302:F313),"") | G27: =IF(COUNT(Q_mensual_relleno!G302:G313)=12,AVERAGE(Q_mensual_relleno!G302:G313),"") | H27: =IF(COUNT(Q_mensual_relleno!H302:H313)=12,AVERAGE(Q_mensual_relleno!H302:H313),"") | I27: =IF(COUNT(Q_mensual_relleno!I302:I313)=12,AVERAGE(Q_mensual_relleno!I302:I313),"") | ... M27: =IF(COUNT(Q_mensual_relleno!M302:M313)=12,AVERAGE(Q_mensual_relleno!M302:M313),"")
A28: 2007 | B28: =IF(COUNT(Q_mensual_relleno!B314:B325)=12,AVERAGE(Q_mensual_relleno!B314:B325),"") | C28: =IF(COUNT(Q_mensual_relleno!C314:C325)=12,AVERAGE(Q_mensual_relleno!C314:C325),"") | D28: =IF(COUNT(Q_mensual_relleno!D314:D325)=12,AVERAGE(Q_mensual_relleno!D314:D325),"") | E28: =IF(COUNT(Q_mensual_relleno!E314:E325)=12,AVERAGE(Q_mensual_relleno!E314:E325),"") | F28: =IF(COUNT(Q_mensual_relleno!F314:F325)=12,AVERAGE(Q_mensual_relleno!F314:F325),"") | G28: =IF(COUNT(Q_mensual_relleno!G314:G325)=12,AVERAGE(Q_mensual_relleno!G314:G325),"") | H28: =IF(COUNT(Q_mensual_relleno!H314:H325)=12,AVERAGE(Q_mensual_relleno!H314:H325),"") | I28: =IF(COUNT(Q_mensual_relleno!I314:I325)=12,AVERAGE(Q_mensual_relleno!I314:I325),"") | ... M28: =IF(COUNT(Q_mensual_relleno!M314:M325)=12,AVERAGE(Q_mensual_relleno!M314:M325),"")
A29: 2008 | B29: =IF(COUNT(Q_mensual_relleno!B326:B337)=12,AVERAGE(Q_mensual_relleno!B326:B337),"") | C29: =IF(COUNT(Q_mensual_relleno!C326:C337)=12,AVERAGE(Q_mensual_relleno!C326:C337),"") | D29: =IF(COUNT(Q_mensual_relleno!D326:D337)=12,AVERAGE(Q_mensual_relleno!D326:D337),"") | E29: =IF(COUNT(Q_mensual_relleno!E326:E337)=12,AVERAGE(Q_mensual_relleno!E326:E337),"") | F29: =IF(COUNT(Q_mensual_relleno!F326:F337)=12,AVERAGE(Q_mensual_relleno!F326:F337),"") | G29: =IF(COUNT(Q_mensual_relleno!G326:G337)=12,AVERAGE(Q_mensual_relleno!G326:G337),"") | H29: =IF(COUNT(Q_mensual_relleno!H326:H337)=12,AVERAGE(Q_mensual_relleno!H326:H337),"") | I29: =IF(COUNT(Q_mensual_relleno!I326:I337)=12,AVERAGE(Q_mensual_relleno!I326:I337),"") | ... M29: =IF(COUNT(Q_mensual_relleno!M326:M337)=12,AVERAGE(Q_mensual_relleno!M326:M337),"")
A30: 2009 | B30: =IF(COUNT(Q_mensual_relleno!B338:B349)=12,AVERAGE(Q_mensual_relleno!B338:B349),"") | C30: =IF(COUNT(Q_mensual_relleno!C338:C349)=12,AVERAGE(Q_mensual_relleno!C338:C349),"") | D30: =IF(COUNT(Q_mensual_relleno!D338:D349)=12,AVERAGE(Q_mensual_relleno!D338:D349),"") | E30: =IF(COUNT(Q_mensual_relleno!E338:E349)=12,AVERAGE(Q_mensual_relleno!E338:E349),"") | F30: =IF(COUNT(Q_mensual_relleno!F338:F349)=12,AVERAGE(Q_mensual_relleno!F338:F349),"") | G30: =IF(COUNT(Q_mensual_relleno!G338:G349)=12,AVERAGE(Q_mensual_relleno!G338:G349),"") | H30: =IF(COUNT(Q_mensual_relleno!H338:H349)=12,AVERAGE(Q_mensual_relleno!H338:H349),"") | I30: =IF(COUNT(Q_mensual_relleno!I338:I349)=12,AVERAGE(Q_mensual_relleno!I338:I349),"") | ... M30: =IF(COUNT(Q_mensual_relleno!M338:M349)=12,AVERAGE(Q_mensual_relleno!M338:M349),"")
A31: 2010 | B31: =IF(COUNT(Q_mensual_relleno!B350:B361)=12,AVERAGE(Q_mensual_relleno!B350:B361),"") | C31: =IF(COUNT(Q_mensual_relleno!C350:C361)=12,AVERAGE(Q_mensual_relleno!C350:C361),"") | D31: =IF(COUNT(Q_mensual_relleno!D350:D361)=12,AVERAGE(Q_mensual_relleno!D350:D361),"") | E31: =IF(COUNT(Q_mensual_relleno!E350:E361)=12,AVERAGE(Q_mensual_relleno!E350:E361),"") | F31: =IF(COUNT(Q_mensual_relleno!F350:F361)=12,AVERAGE(Q_mensual_relleno!F350:F361),"") | G31: =IF(COUNT(Q_mensual_relleno!G350:G361)=12,AVERAGE(Q_mensual_relleno!G350:G361),"") | H31: =IF(COUNT(Q_mensual_relleno!H350:H361)=12,AVERAGE(Q_mensual_relleno!H350:H361),"") | I31: =IF(COUNT(Q_mensual_relleno!I350:I361)=12,AVERAGE(Q_mensual_relleno!I350:I361),"") | ... M31: =IF(COUNT(Q_mensual_relleno!M350:M361)=12,AVERAGE(Q_mensual_relleno!M350:M361),"")

Sheet Comparacion_Q
A1: Código | B1: Estación | C1: Área (km²) | D1: Meses observados | E1: Meses rellenados | F1: Meses sin rellenar | G1: Q años completos observados (m³/s) | H1: Años completos observados | I1: Q meses válidos observados (m³/s) | J1: Q serie rellenada 1981–2010 (m³/s) | K1: Años serie rellenada | L1: Diferencia rellenada vs. observada (%) | M1: Lámina R serie rellenada (mm/año) | N1: NSE validación | O1: RMSE validación (m³/s) | P1: Sesgo validación (%)
A2: 26237040 | B2: Puerto Valdivia | C2: 37267 | D2: 322 | E2: 38 | F2: 0 | G2: 1122.05 | H2: 19 | I2: 1107.81 | J2: =AVERAGE(Q_anual_relleno!B2:B31) | K2: =COUNT(Q_anual_relleno!B2:B31) | L2: =(J2/G2-1)*100 | M2: =J2*31557600/(C2*1000000)*1000 | N2: 0.901 | O2: 133.6 | P2: -0.52
A3: 26217050 | B3: Cañafisto | C3: 32704.4 | D3: 355 | E3: 5 | F3: 0 | G3: 912.32 | H3: 27 | I3: 921.96 | J3: =AVERAGE(Q_anual_relleno!C2:C31) | K3: =COUNT(Q_anual_relleno!C2:C31) | L3: =(J3/G3-1)*100 | M3: =J3*31557600/(C3*1000000)*1000 | N3: 0.968 | O3: 75.1 | P3: 0.33
A4: 26207080 | B4: Bolombolo | C4: 30994.6 | D4: 359 | E4: 1 | F4: 0 | G4: 877.68 | H4: 29 | I4: 883.62 | J4: =AVERAGE(Q_anual_relleno!D2:D31) | K4: =COUNT(Q_anual_relleno!D2:D31) | L4: =(J4/G4-1)*100 | M4: =J4*31557600/(C4*1000000)*1000 | N4: 0.976 | O4: 62.3 | P4: 0.21
A5: 26167070 | B5: Irra | C5: 24571.2 | D5: 356 | E5: 4 | F5: 0 | G5: 663.42 | H5: 27 | I5: 664.37 | J5: =AVERAGE(Q_anual_relleno!E2:E31) | K5: =COUNT(Q_anual_relleno!E2:E31) | L5: =(J5/G5-1)*100 | M5: =J5*31557600/(C5*1000000)*1000 | N5: 0.974 | O5: 52.8 | P5: 0.28
A6: 26177030 | B6: La Virginia | C6: 20549.1 | D6: 359 | E6: 1 | F6: 0 | G6: 538.79 | H6: 29 | I6: 541.39 | J6: =AVERAGE(Q_anual_relleno!F2:F31) | K6: =COUNT(Q_anual_relleno!F2:F31) | L6: =(J6/G6-1)*100 | M6: =J6*31557600/(C6*1000000)*1000 | N6: 0.974 | O6: 44.6 | P6: -0.22
A7: 26187110 | B7: La Pintada | C7: 26443.1 | D7: 360 | E7: 0 | F7: 0 | G7: 688.88 | H7: 30 | I7: 688.88 | J7: =AVERAGE(Q_anual_relleno!G2:G31) | K7: =COUNT(Q_anual_relleno!G2:G31) | L7: =(J7/G7-1)*100 | M7: =J7*31557600/(C7*1000000)*1000 | N7: 0.975 | O7: 55.7 | P7: 0.26
A8: 26107070 | B8: La Victoria | C8: 16284.8 | D8: 299 | E8: 61 | F8: 0 | G8: 368.76 | H8: 24 | I8: 367.62 | J8: =AVERAGE(Q_anual_relleno!H2:H31) | K8: =COUNT(Q_anual_relleno!H2:H31) | L8: =(J8/G8-1)*100 | M8: =J8*31557600/(C8*1000000)*1000 | N8: 0.956 | O8: 38.6 | P8: -0.02
A9: 26067010 | B9: Juanchito | C9: 9344.2 | D9: 284 | E9: 76 | F9: 0 | G9: 270.49 | H9: 23 | I9: 274.91 | J9: =AVERAGE(Q_anual_relleno!I2:I31) | K9: =COUNT(Q_anual_relleno!I2:I31) | L9: =(J9/G9-1)*100 | M9: =J9*31557600/(C9*1000000)*1000 | N9: 0.951 | O9: 27.4 | P9: -0.82
A10: 26207030 | B10: Puente Iglesias | C10: 29005 | D10: 344 | E10: 16 | F10: 0 | G10: 755 | H10: 23 | I10: 771.02 | J10: =AVERAGE(Q_anual_relleno!J2:J31) | K10: =COUNT(Q_anual_relleno!J2:J31) | L10: =(J10/G10-1)*100 | M10: =J10*31557600/(C10*1000000)*1000 | N10: 0.976 | O10: 56.4 | P10: -0.13
A11: 26027010 | B11: La Balsa | C11: 5075 | D11: 280 | E11: 78 | F11: 1 | G11: 178.86 | H11: 22 | I11: 181.66 | J11: =AVERAGE(Q_anual_relleno!K2:K31) | K11: =COUNT(Q_anual_relleno!K2:K31) | L11: =(J11/G11-1)*100 | M11: =J11*31557600/(C11*1000000)*1000 | N11: 0.803 | O11: 35.5 | P11: 2.82
A12: 26237050 | B12: Puente Pescadero | C12: 35450.8 | D12: 212 | E12: 148 | F12: 0 | G12: 974.88 | H12: 10 | I12: 1048.54 | J12: =AVERAGE(Q_anual_relleno!L2:L31) | K12: =COUNT(Q_anual_relleno!L2:L31) | L12: =(J12/G12-1)*100 | M12: =J12*31557600/(C12*1000000)*1000 | N12: 0.96 | O12: 80.2 | P12: 0.96
A13: 26237100 | B13: Olaya | C13: 34005.3 | D13: 170 | E13: 190 | F13: 0 | G13: 895.24 | H13: 10 | I13: 918.39 | J13: =AVERAGE(Q_anual_relleno!M2:M31) | K13: =COUNT(Q_anual_relleno!M2:M31) | L13: =(J13/G13-1)*100 | M13: =J13*31557600/(C13*1000000)*1000 | N13: 0.981 | O13: 49.2 | P13: 0.36
A15: Caudal medio en la presa de Hidroituango (transferencia por relación de áreas, serie rellenada)
A16: Desde Puente Pescadero | B16: =J12*35991.8/C12
A17: Desde Puerto Valdivia | B17: =J2*35991.8/C2
